archive_path,origin_filename,origin_library_file_id,group,size_bytes,sha256
01_Reprise/Plan_Maitre_Audit_Design_Governance-1.md,Plan_Maitre_Audit_Design_Governance-1.md,libfile_0b4ea68a5de88191b0ec296798fbdf3f,plan_actuel,77437,1fa1dd2f2be0055a74f5e536aef492355abebb7a348f89100177267108897b75
01_Reprise/Protocole_maitre_audit_v2.md,title___Protocole_maître_d’audit_—_Design_Governan.md,libfile_8e225fc4e2708191932d291b9a4e1ca9,protocole_externe_actuel,40811,990fc86f0e11c9fa20e7c8c3b8ae2bea66dd81defe70eaa6c8d84b2dc20610dd
02_Sources_B01/Design_Governance_V1.0.md,Design_Governance_V1.0.md,libfile_7e357875d644819181f2e7312527befc,compilation_B01,616480,016e60028795e6c849e3e84974b103382791e8096ada6be8405a173415f5355d
02_Sources_B01/package/.github/workflows/validate.yml,compilation B01: .github/workflows/validate.yml,,source_extraite_B01,398,52dc36c30ff93986c31dd1f6af3eaa0458dfe134be58a4a74d51513a8e41c553
02_Sources_B01/package/.gitignore,compilation B01: .gitignore,,source_extraite_B01,174,d42a0b51865105e2dc3ecd2d6ae88f5cd9730b0b1049e95762d16fe9ccf6168b
02_Sources_B01/package/README.md,compilation B01: README.md,,source_extraite_B01,11996,baea59563bdde0ad3683c2a96514df0d37b68a4944b39103e9dac6925c913a5c
02_Sources_B01/package/RELEASE_NOTES.md,compilation B01: RELEASE_NOTES.md,,source_extraite_B01,2861,0911d59d11de42a1c960ba6292d38e7b911c1309f6732ef3c68703fa53b82660
02_Sources_B01/package/V1/official/ACTION.md,compilation B01: V1/official/ACTION.md,,source_extraite_B01,86278,d73ad55167f71f775954092c3a91c00347753cae520031202f946b228257b50d
02_Sources_B01/package/V1/official/BIBLIOTHEQUE.md,compilation B01: V1/official/BIBLIOTHEQUE.md,,source_extraite_B01,65008,8628595d6323df5d76c2b0d57dbe49fd11e62c3178e1ce849e5d72799bb03684
02_Sources_B01/package/V1/official/CHANGELOG.md,compilation B01: V1/official/CHANGELOG.md,,source_extraite_B01,4482,0876654994f063ebb670392a5967044ad483bbdb8ebf6b5ce8a156609f08df45
02_Sources_B01/package/V1/official/DIRECTION.md,compilation B01: V1/official/DIRECTION.md,,source_extraite_B01,94115,f634bc561dab243e53fa1a988c2a49565f3d6330a8e5af0e4fbaea4128bf2a7f
02_Sources_B01/package/V1/official/GLOSSAIRE.md,compilation B01: V1/official/GLOSSAIRE.md,,source_extraite_B01,8677,75cd3e509befa05d05391907420427b4309c6968f1eae6c7f26e7255f3419243
02_Sources_B01/package/V1/official/ORCHESTRATION_MAP.md,compilation B01: V1/official/ORCHESTRATION_MAP.md,,source_extraite_B01,5929,4dc72839b4944a2ea9d203a481d39a1b292a6ddc67f8edf8e3c245e546e757ab
02_Sources_B01/package/V1/official/QUICKSTART.md,compilation B01: V1/official/QUICKSTART.md,,source_extraite_B01,24429,c3334f12447c6dab8ac8794f5817ae52788ff06d8eff0e8d7e2d92fe7319bcde
02_Sources_B01/package/V1/official/READING_MAP.md,compilation B01: V1/official/READING_MAP.md,,source_extraite_B01,10052,2348906e186962b9effe6104a9fa81fe45d86e52a57100d8fdbfa386c65a6d12
02_Sources_B01/package/V1/official/README.md,compilation B01: V1/official/README.md,,source_extraite_B01,5235,69aedf3ee8da7105010f9a83859555a7f3af585eebc48b6d4d6acd6d1683523f
02_Sources_B01/package/V1/official/SAVOIR.md,compilation B01: V1/official/SAVOIR.md,,source_extraite_B01,96758,41cb6f6e7cfcca4631f8701436055606c078f47d548eca6bc21e49a76e884820
02_Sources_B01/package/schemas/domain_frame.schema.json,compilation B01: schemas/domain_frame.schema.json,,source_extraite_B01,2149,915339e6c567dfde60226143ed1a62ceb3c38692ddef151c53c1c756002ce95e
02_Sources_B01/package/schemas/examples/domain_frame.example.json,compilation B01: schemas/examples/domain_frame.example.json,,source_extraite_B01,1857,4e4692316007ad1c3b1befdb0762e3a7706e8b0bb1a7631ae362615749e03b7d
02_Sources_B01/package/schemas/examples/production_contracts.example.json,compilation B01: schemas/examples/production_contracts.example.json,,source_extraite_B01,3620,41f33d8c3a6d43fffd79eea4dfca5eb057ce1d701206f58279499407563779d0
02_Sources_B01/package/schemas/examples/research_brief.example.json,compilation B01: schemas/examples/research_brief.example.json,,source_extraite_B01,1672,5905dec4eab0088e9cb1e442f398fbecec9d9dd440e04494964649af863dedd2
02_Sources_B01/package/schemas/fixtures/invalid_accepted_before_decision.json,compilation B01: schemas/fixtures/invalid_accepted_before_decision.json,,source_extraite_B01,3437,bba162996d4c4566c92d6ea148f26f7015d07bdbf4311883001e8f74606927a6
02_Sources_B01/package/schemas/fixtures/invalid_accepted_lost_in_build.json,compilation B01: schemas/fixtures/invalid_accepted_lost_in_build.json,,source_extraite_B01,3443,f16c16697f822f0e45961341b5e2f3fe92384593c1ff0d4415daa151e4791095
02_Sources_B01/package/schemas/fixtures/invalid_accepted_without_limitations.json,compilation B01: schemas/fixtures/invalid_accepted_without_limitations.json,,source_extraite_B01,967,413cdb8c6062aa41ffdff0524f14a680ef70a681fb347fa511f27251d839af76
02_Sources_B01/package/schemas/fixtures/invalid_accepted_without_observed.json,compilation B01: schemas/fixtures/invalid_accepted_without_observed.json,,source_extraite_B01,731,022178d6d147359509c35aa706cea013da0e197120e1298163a86e295fbfd14b
02_Sources_B01/package/schemas/fixtures/invalid_accepted_without_provenance.json,compilation B01: schemas/fixtures/invalid_accepted_without_provenance.json,,source_extraite_B01,3435,9b296d9a47018525f3dbb73bc0a8899b9bcbd9e106b9d3970b6aeaedbe9be75b
02_Sources_B01/package/schemas/fixtures/invalid_capability_available_without_basis.json,compilation B01: schemas/fixtures/invalid_capability_available_without_basis.json,,source_extraite_B01,3623,844676c5e244cb266aafda4d523ac9b78fd01350621f6aa9a0c054f998b57924
02_Sources_B01/package/schemas/fixtures/invalid_capability_profile_missing_basis.json,compilation B01: schemas/fixtures/invalid_capability_profile_missing_basis.json,,source_extraite_B01,3337,1b111f09b702d69dcce3726fd2e5f2d915c0f87dd3d144fab00fd6e48017611b
02_Sources_B01/package/schemas/fixtures/invalid_creative_close_missing_field.json,compilation B01: schemas/fixtures/invalid_creative_close_missing_field.json,,source_extraite_B01,3299,da0dcac9f138fb14ceffa4c65b2c4d6894f8191102f1760550fd634c8d77c504
02_Sources_B01/package/schemas/fixtures/invalid_critical_placeholder_protection.json,compilation B01: schemas/fixtures/invalid_critical_placeholder_protection.json,,source_extraite_B01,3646,bf162b0dff3cbdd48d5c3686ad1dbab72a107058d5b46909c6327aa63f8fdac4
02_Sources_B01/package/schemas/fixtures/invalid_critical_without_protection.json,compilation B01: schemas/fixtures/invalid_critical_without_protection.json,,source_extraite_B01,3486,ab5bd2e77386601d67baad0f1fa05073e1d6f39959a24c5da3a007e429fe4918
02_Sources_B01/package/schemas/fixtures/invalid_direction_missing_creative_close.json,compilation B01: schemas/fixtures/invalid_direction_missing_creative_close.json,,source_extraite_B01,2796,24ab0dbbcc26f1a8c245a64d1de5441292d19df7e7fb4d9ca0b21fdb8a99c92d
02_Sources_B01/package/schemas/fixtures/invalid_direction_missing_object.json,compilation B01: schemas/fixtures/invalid_direction_missing_object.json,,source_extraite_B01,822,fecc7054b40eb489a68bb2dd8ba77f16e7a2b041adbc81242686ffa1301802b4
02_Sources_B01/package/schemas/fixtures/invalid_direction_missing_status.json,compilation B01: schemas/fixtures/invalid_direction_missing_status.json,,source_extraite_B01,3401,389688f23cce0a388ea1ddb16b51716982959a586b5cd466ce7f299d8618563c
02_Sources_B01/package/schemas/fixtures/invalid_direction_missing_trace_locator.json,compilation B01: schemas/fixtures/invalid_direction_missing_trace_locator.json,,source_extraite_B01,1074,d5811148e8d23df1666fa47c6b4a9e8e9b6babd0afa54c5d9b8cd625752244c4
02_Sources_B01/package/schemas/fixtures/invalid_direction_untransformed_anchor.json,compilation B01: schemas/fixtures/invalid_direction_untransformed_anchor.json,,source_extraite_B01,1884,1aa0a784ea0e2c412284d1cab6fc64c642c6b66314e4e31e8ceeadb67c340855
02_Sources_B01/package/schemas/fixtures/invalid_empty_proof.json,compilation B01: schemas/fixtures/invalid_empty_proof.json,,source_extraite_B01,847,0adc0479ad530151fe8efd24e5c8b71210befecbf0b47b3ab0a70f69c6151b21
02_Sources_B01/package/schemas/fixtures/invalid_fail_assumed_accepted.json,compilation B01: schemas/fixtures/invalid_fail_assumed_accepted.json,,source_extraite_B01,954,2c2c5505624443bc6d7d65305e545985d8654250bd53550c7ec2fae8d1577847
02_Sources_B01/package/schemas/fixtures/invalid_global_axis_verdict.json,compilation B01: schemas/fixtures/invalid_global_axis_verdict.json,,source_extraite_B01,999,e0caeab0941b8e60e06d19eaf32037dfac0ca45c8367b7dd93f658f2cd784455
02_Sources_B01/package/schemas/fixtures/invalid_lite_missing_minimum.json,compilation B01: schemas/fixtures/invalid_lite_missing_minimum.json,,source_extraite_B01,775,aad91174798679395c4738ad3d6b2e9262079f77da1ec93f1e1514d85d8f102f
02_Sources_B01/package/schemas/fixtures/invalid_missing_proof.json,compilation B01: schemas/fixtures/invalid_missing_proof.json,,source_extraite_B01,708,ce2c16f2a4fe8f55090d1865ab514019bcbb29c5360f957fab940750435202bc
02_Sources_B01/package/schemas/fixtures/invalid_profile_decision_missing_evidence.json,compilation B01: schemas/fixtures/invalid_profile_decision_missing_evidence.json,,source_extraite_B01,3800,115b4b86c90239c4a8163e068676bd4f22e586bfedf4f81efd84325f73592184
02_Sources_B01/package/schemas/fixtures/invalid_state_held.json,compilation B01: schemas/fixtures/invalid_state_held.json,,source_extraite_B01,782,c44d33edc9462d98e33497490aab8dd50685300bc76873d5bc5f1adae0c408f5
02_Sources_B01/package/schemas/fixtures/valid_closed_return.json,compilation B01: schemas/fixtures/valid_closed_return.json,,source_extraite_B01,1616,d2ea5fa23a8085d318bf0a48b5b97263b4140d1c88329d23a0de8576479c1290
02_Sources_B01/package/schemas/fixtures/valid_direction_exploratory_untransformed.json,compilation B01: schemas/fixtures/valid_direction_exploratory_untransformed.json,,source_extraite_B01,1793,f2abed3853ed8b77c2226dc85c7e7c99938459aa891c34ede466715caad03554
02_Sources_B01/package/schemas/fixtures/valid_direction_with_profile_decision.json,compilation B01: schemas/fixtures/valid_direction_with_profile_decision.json,,source_extraite_B01,4144,a5c851611fb46107bb35047abaf3804d8d7461d02abac37783f34961d26b7270
02_Sources_B01/package/schemas/production_contracts.schema.json,compilation B01: schemas/production_contracts.schema.json,,source_extraite_B01,3328,b9d63e30dc3ea7a2dd491f4e86320ee50f0ce6525ebf318c8c1d775a61a09419
02_Sources_B01/package/schemas/research_brief.schema.json,compilation B01: schemas/research_brief.schema.json,,source_extraite_B01,1839,2fb172b9a5b3eae5f89dc72336852ea108adfdf996618474eb844f4280d6fb91
02_Sources_B01/package/schemas/run_card.example.json,compilation B01: schemas/run_card.example.json,,source_extraite_B01,3682,30aaead6a6f3925134a5c2d897bd5f6994d8e5cf7b045ea9bd6f3d6fbb0aa194
02_Sources_B01/package/schemas/run_card.schema.json,compilation B01: schemas/run_card.schema.json,,source_extraite_B01,8275,ea3d05118d389fdea3dde03a169a31b4982745c24f0048b16c76d3295c3d3889
02_Sources_B01/package/scripts/build_distributions.sh,compilation B01: scripts/build_distributions.sh,,source_extraite_B01,8206,558167c41d066df1ed82f9a6ec9b294b3e6270309be874731bbc85b3aae1d956
02_Sources_B01/package/scripts/package_manifest.json,compilation B01: scripts/package_manifest.json,,source_extraite_B01,5707,bef40232b2cbb1fdc8fda4d2bfc6bb752e9abbc3705d9a662eb44aa8da266f8b
02_Sources_B01/package/scripts/read_route.py,compilation B01: scripts/read_route.py,,source_extraite_B01,3177,d3fd5f108346919bf681dc62b642017a125af9bcee2a915260d75330fe2943ce
02_Sources_B01/package/scripts/validate_all.py,compilation B01: scripts/validate_all.py,,source_extraite_B01,4747,3c04c2b3ffb81be8f6f7f6e92912fa9a20150b586b78d516d4bc0dc9211919b0
02_Sources_B01/package/scripts/validate_contracts.py,compilation B01: scripts/validate_contracts.py,,source_extraite_B01,10975,ec6cbb6254381c3aa1bd9115650bf77a572e2107db5457955b9c97ec90a1395e
02_Sources_B01/package/scripts/validate_design_governance.py,compilation B01: scripts/validate_design_governance.py,,source_extraite_B01,9977,8853fcd4300bdf0f45431deda538f053f48292064d1161e6518c8ab7b932bb4b
02_Sources_B01/package/scripts/validate_reading_map.py,compilation B01: scripts/validate_reading_map.py,,source_extraite_B01,4079,48f2dcc5d4e3d0474f4723eb07445d53b36402473b909d6303347eb7685655e8
02_Sources_B01/package/scripts/validate_run_card.py,compilation B01: scripts/validate_run_card.py,,source_extraite_B01,26055,ba60d5dae684ae5df6c7448fd1774ce6ded8787d81a15ac92fb3c81b80f53757
02_Sources_B01/package/skills/design-governance-practice/SKILL.md,compilation B01: skills/design-governance-practice/SKILL.md,,source_extraite_B01,22915,2d2734eb13527563698542303682d204a3174b987adbb9ac02d795cf31687853
02_Sources_B01/package/skills/design-governance-practice/references/canonical_minimum.md,compilation B01: skills/design-governance-practice/references/canonical_minimum.md,,source_extraite_B01,1808,60d1d25354037cdf6e7b956e1df59e7571c91732edf55d71323606a6a79df3ac
02_Sources_B01/package/skills/design-governance-practice/references/examples.md,compilation B01: skills/design-governance-practice/references/examples.md,,source_extraite_B01,5413,8bfbb41cdc43adc5fa6c8c49e011abef459119cce0d55bb9424014aef9f1a8f9
02_Sources_B01/package/skills/design-governance-practice/references/flow.md,compilation B01: skills/design-governance-practice/references/flow.md,,source_extraite_B01,1373,4202c8e270384ca976a70dafe2a734e11b8c2a8d75d8d6e5772387a4ee5577ee
02_Sources_B01/package/skills/design-governance-practice/references/machine_projection.md,compilation B01: skills/design-governance-practice/references/machine_projection.md,,source_extraite_B01,5558,0ad28dd850cbf639eeb1304ff6d083e882d57642ed3b8aa18a2c9634945c07af
03_Rapports/00_Baseline/Audit_Design_Governance_Baseline_B01.md,Audit_Design_Governance_Baseline_B01.md,libfile_c35184653aec819192572f12d70f1429,rapport_baseline,194613,b14314fc5ea9ffe16ae95d85205a4ce32cdd779f2bcd6ccacf97714fcda7d804
03_Rapports/02_Phase_2/Audit_ACTION_Phase2_01_Responsabilite_Handoff_Autorite.md,Audit_ACTION_Phase2_01_Responsabilite_Handoff_Autorite.md,libfile_821ee8c34c388191803173b0ddd4e2c9,rapport_phase_2,31577,13a3d90ad5c1d2a4d35a470e7ba1d1c0823492f67388703413a11980f4a034a9
03_Rapports/02_Phase_2/Audit_ACTION_Phase2_02_First_Render_UI_UX_Reality.md,Audit_ACTION_Phase2_02_First_Render_UI_UX_Reality.md,libfile_15268dd380488191a2dabbca2c721037,rapport_phase_2,30677,1b91ae5ea8cbcbb8a88696c423ed8c45a2d219e33344f38424ad458a016627f7
03_Rapports/02_Phase_2/Audit_ACTION_Phase2_03_Statuses_Verdicts_Direction.md,Audit_ACTION_Phase2_03_Statuses_Verdicts_Direction.md,libfile_7f015a58d59c8191b5d136de1180abbe,rapport_phase_2,29126,61e237959a14709b4cc1d2b2600fe1125b5569a962e3a12ea829e50faec71a4e
03_Rapports/02_Phase_2/Audit_ACTION_Phase2_04_Precondition_Decision_Trace.md,Audit_ACTION_Phase2_04_Precondition_Decision_Trace.md,libfile_ad0b07f24f6c8191ac38bcc24b45936d,rapport_phase_2,28224,3ff8a6339182e2980b11684f2b0451b2f2b617fd4304dd69c2525454882b7ebc
03_Rapports/02_Phase_2/Audit_ACTION_Phase2_05_FastPath_RunCard_Capacites_Preuve.md,Audit_ACTION_Phase2_05_FastPath_RunCard_Capacites_Preuve.md,libfile_ec7e1265b04881918985fbee47d5c1d4,rapport_phase_2,33461,c8f0d7977e3ca026084e866a83d60c75f3d1e84db48b10c6f7627b70d5dffe6e
03_Rapports/02_Phase_2/Audit_ACTION_Phase2_06_Routes_Cloture_Fraicheur_Reservations.md,Audit_ACTION_Phase2_06_Routes_Cloture_Fraicheur_Reservations.md,libfile_59b90aa76ad4819196330da484511ca8,rapport_phase_2,30856,64cd989291c1d490110c885033409d8d728472e135763fdecd6339b7b9a7ca51
03_Rapports/02_Phase_2/Audit_ACTION_Phase2_07_Pipeline_Direction_OneShot_Checkpoint.md,Audit_ACTION_Phase2_07_Pipeline_Direction_OneShot_Checkpoint.md,libfile_04189b54eda08191901b36dd0666ba01,rapport_phase_2,31318,16168aee6b5f90d44baef11540061c83576624e86e4467edd55bd1b2c58c5454
03_Rapports/02_Phase_2/Audit_ACTION_Phase2_08_Structured_Proof_Contracts.md,Audit_ACTION_Phase2_08_Structured_Proof_Contracts.md,libfile_81dd23732d8081918b96c263c4e985f0,rapport_phase_2,33440,6030ff28cfda446387fc099cf37708091f5a93667ce0430e2926f95e16d978e8
03_Rapports/02_Phase_2/Audit_ACTION_Phase2_09_Visual_Proof_Gate_A.md,Audit_ACTION_Phase2_09_Visual_Proof_Gate_A.md,libfile_1909f980a39c81919fd14e8caebe8ad4,rapport_phase_2,35015,c57cf3f2b0cab3566e3a82a547fd110e7e5db6ec8a005f7476dfc0738a5d83fe
03_Rapports/02_Phase_2/Audit_ACTION_Phase2_10_Gate_B_Contextual_Judgment.md,Audit_ACTION_Phase2_10_Gate_B_Contextual_Judgment.md,libfile_c37bfe6ea88c81918fa67cfe08c863c1,rapport_phase_2,31636,647a6d7960d9f3c471e91b1030c1ed205d84080eb712424e52ebd5c848fda13f
03_Rapports/02_Phase_2/Audit_ACTION_Phase2_11_Gate_C_Override_Policies.md,Audit_ACTION_Phase2_11_Gate_C_Override_Policies.md,libfile_19730b5b22ac81918162e62a846a7e5c,rapport_phase_2,29024,30fa00eee521f6a8835eb54fe72531530703a8b0dd173b72b1f96699ffb219ba
03_Rapports/02_Phase_2/Audit_ACTION_Phase2_12_Routing_Maintenance_Exit_Check.md,Audit_ACTION_Phase2_12_Routing_Maintenance_Exit_Check.md,libfile_831b789b567c8191a5ff93cf64f378c7,rapport_phase_2,17022,323d664aa534fb66fdf1118769f009e05650752eb9a61d67dbbb6a4233202212
03_Rapports/02_Phase_2/Audit_ACTION_Phase2_Checkpoint_Consolidation.md,Audit_ACTION_Phase2_Checkpoint_Consolidation.md,libfile_9d9eb173ef1c8191b73786eb4f9ca5da,rapport_phase_2,21077,fa7074051a66cbe38efaefa1a5fa63db6f494481f952f271c0e82e728ce7b4f1
03_Rapports/02_Phase_2/Audit_BIBLIOTHEQUE_Phase2_01_Responsabilite_Entree_READ.md,Audit_BIBLIOTHEQUE_Phase2_01_Responsabilite_Entree_READ.md,libfile_621b99e284088191b8d72db922062933,rapport_phase_2,16422,d7267fbba177924c070e2419d455bf698833aa0f910d27fcb2e60832f7568dd5
03_Rapports/02_Phase_2/Audit_BIBLIOTHEQUE_Phase2_02_Tension_Signature_Premier_Objet_Preuves.md,Audit_BIBLIOTHEQUE_Phase2_02_Tension_Signature_Premier_Objet_Preuves.md,libfile_5e01a7744d64819189c75ebfbeded489,rapport_phase_2,15431,7b8a2e635dd915d241a92d4331bf00b3957c603e06e00d43474a93a05a55830b
03_Rapports/02_Phase_2/Audit_BIBLIOTHEQUE_Phase2_03_SELECT_DERIVE_Selection_OneShot.md,Audit_BIBLIOTHEQUE_Phase2_03_SELECT_DERIVE_Selection_OneShot.md,libfile_36cb97cdecac8191bdc2dd0acdd56c37,rapport_phase_2,16816,75293347ac788d53583c9cfbdea7bcb0433866ecbc2ef4b5807710f88e5ce76d
03_Rapports/02_Phase_2/Audit_BIBLIOTHEQUE_Phase2_04_CONTRACTS_Contrat_Route_Preuve.md,Audit_BIBLIOTHEQUE_Phase2_04_CONTRACTS_Contrat_Route_Preuve.md,libfile_030415f7826c819188d6ff2f4fda119e,rapport_phase_2,14611,cf9da8ab8bb48ea6fd2b43fdf9426c8e259bce20f99fad5d8ed904f2686c2fbf
03_Rapports/02_Phase_2/Audit_BIBLIOTHEQUE_Phase2_05_SUPPORT_Champ_Cadre_Preuve.md,Audit_BIBLIOTHEQUE_Phase2_05_SUPPORT_Champ_Cadre_Preuve.md,libfile_83dfd368e388819189cb5d5641e6ce23,rapport_phase_2,13177,7a2db3998b170df9db6479ca631f1cc3625c13b90015b9e088833357c1abaeb3
03_Rapports/02_Phase_2/Audit_BIBLIOTHEQUE_Phase2_06_GRID_Axes_Recomposition_Preuve.md,Audit_BIBLIOTHEQUE_Phase2_06_GRID_Axes_Recomposition_Preuve.md,libfile_a42ae2a08de481918957651412175e7c,rapport_phase_2,15108,c7c63a77a866ee294ae8954a94fae043a86ad8cdbc05f24886238b5d34f063f3
03_Rapports/02_Phase_2/Audit_BIBLIOTHEQUE_Phase2_07_SCENE_Promesse_Objet_Action.md,Audit_BIBLIOTHEQUE_Phase2_07_SCENE_Promesse_Objet_Action.md,libfile_5a57aa75bdac81919a58d9bb9396bb38,rapport_phase_2,15380,6d0e2b37935853fc47735eb3d31d6caac626c84c0bafb527991574270a2f0842
03_Rapports/02_Phase_2/Audit_BIBLIOTHEQUE_Phase2_08_OBJECT_Roles_Etats_Preuve_Contextuelle.md,Audit_BIBLIOTHEQUE_Phase2_08_OBJECT_Roles_Etats_Preuve_Contextuelle.md,libfile_8978b5c0e22881919eec5bfc5085cc90,rapport_phase_2,15254,e7bd331b6ce625378164e4cb80b49e71bdd53b4a014ae5817ce20032240e7ffc
03_Rapports/02_Phase_2/Audit_BIBLIOTHEQUE_Phase2_09_MICRO_Lecture_Etats_Avant_Apres.md,Audit_BIBLIOTHEQUE_Phase2_09_MICRO_Lecture_Etats_Avant_Apres.md,libfile_e0f82001f29481919b8714d1fee71020,rapport_phase_2,17060,180b638bd2de3e2d63800e1430bb5f656de8cb7f6e66da78019f75556c2630e1
03_Rapports/02_Phase_2/Audit_BIBLIOTHEQUE_Phase2_10_MODIFIER_Comportements_Transversaux.md,Audit_BIBLIOTHEQUE_Phase2_10_MODIFIER_Comportements_Transversaux.md,libfile_3d9e9e9673bc81919080d4fdac038f20,rapport_phase_2,15513,64288eef6b478a957c04c148e2daa41aec71398d7bff4418ab316c32949ec100
03_Rapports/02_Phase_2/Audit_BIBLIOTHEQUE_Phase2_11_COMPONENTS_Couches_Dependances_Grammaire.md,Audit_BIBLIOTHEQUE_Phase2_11_COMPONENTS_Couches_Dependances_Grammaire.md,libfile_efe57fe511e88191950f38c225a4b563,rapport_phase_2,21401,650e58b78a75b85ca4c35584ec3767c4fb15403056d7c7ec1b95e3355b2b6a66
03_Rapports/02_Phase_2/Audit_BIBLIOTHEQUE_Phase2_12_COMPAT_Combinaisons_Hypotheses_Preuves.md,Audit_BIBLIOTHEQUE_Phase2_12_COMPAT_Combinaisons_Hypotheses_Preuves.md,libfile_c1ff5d7ad5988191a4ce36d8000f6533,rapport_phase_2,16957,3b85f031ec1e0b4ffe6c6330472a5075045420c32a577092e67ae6b7e31ce421
03_Rapports/02_Phase_2/Audit_BIBLIOTHEQUE_Phase2_13_GATE_Controle_Structurel_Complementaire.md,Audit_BIBLIOTHEQUE_Phase2_13_GATE_Controle_Structurel_Complementaire.md,libfile_8a7c61142f7881919f85dae080aa17e8,rapport_phase_2,17004,274a311a7b47c8c6fb14de6485ae6024742aa47dbb869b26fc947fdd492f8f60
03_Rapports/02_Phase_2/Audit_BIBLIOTHEQUE_Phase2_14_EVOLUTION_Promotion_Depreciation_Gain.md,Audit_BIBLIOTHEQUE_Phase2_14_EVOLUTION_Promotion_Depreciation_Gain.md,libfile_9ea892bb327c8191a02160e62fdcb497,rapport_phase_2,16389,9c5c19128999edf56be3549fdab441f94d5955e56323f549a10684e7f29c905a
03_Rapports/02_Phase_2/Audit_BIBLIOTHEQUE_Phase2_15_Test_Sortie_Selection.md,Audit_BIBLIOTHEQUE_Phase2_15_Test_Sortie_Selection.md,libfile_d812c544a66c81918f990fb568f8a708,rapport_phase_2,13255,6c3926262b6db2355b711d411ddac652343c9184907df7d11f7bf3c4858fd36d
03_Rapports/02_Phase_2/Audit_BIBLIOTHEQUE_Phase2_Checkpoint_Consolidation.md,Audit_BIBLIOTHEQUE_Phase2_Checkpoint_Consolidation.md,libfile_d977a548c9bc8191b7bd6e1fdf201333,rapport_phase_2,14257,ebfc01ab22b57b23c2aae7f18663023c98185b340cece244947870a27dadae8e
03_Rapports/02_Phase_2/Audit_Build_Distributions_Phase2_01_Stages_Archives_Reprise.md,Audit_Build_Distributions_Phase2_01_Stages_Archives_Reprise.md,libfile_81fb3d6322a48191b3ec4e102e6489b8,rapport_phase_2,13817,f041aa75b1d43e243b487520ba4d6d763b9e22d58114a454e494360e7e49bfda
03_Rapports/02_Phase_2/Audit_CHANGELOG_Phase2_01_Baseline_Autorite_Cycle_Migration_Limites.md,Audit_CHANGELOG_Phase2_01_Baseline_Autorite_Cycle_Migration_Limites.md,libfile_ab098e9d7edc8191a62e0816b0fbca0f,rapport_phase_2,17491,ffcc0082c3e78d6ce1d2f3fea77e7aa5c1c58ffee20533c4c41ce88987fe56ae
03_Rapports/02_Phase_2/Audit_DIRECTION_Phase2_01_Constitution.md,Audit_DIRECTION_Phase2_01_Constitution.md,libfile_9286a559ebc88191bffabb56451ebdd9,rapport_phase_2,14810,51f964dc69585ac740cbb31ecb86c1c93ceecf25b4a1754e01fcf556f7259db8
03_Rapports/02_Phase_2/Audit_DIRECTION_Phase2_02_START.md,Audit_DIRECTION_Phase2_02_START.md,libfile_33eccd227aac819199c769b3133e70e9,rapport_phase_2,17015,903e9f14d59c673574eeafbb731c2280ed6eae36609d022f5940f3ee96bb000d
03_Rapports/02_Phase_2/Audit_DIRECTION_Phase2_03_Daily_Fast_External.md,Audit_DIRECTION_Phase2_03_Daily_Fast_External.md,libfile_35bc7db418bc81918a693af525bb0502,rapport_phase_2,19767,11b6420bf31fe680940e78ec6dc2f94c4834b9295ad30c25a3dc37f98a1a23fa
03_Rapports/02_Phase_2/Audit_DIRECTION_Phase2_04_First_Object_Grounding_Reuse.md,Audit_DIRECTION_Phase2_04_First_Object_Grounding_Reuse.md,libfile_150684c435588191a15e8fe1e6617b6b,rapport_phase_2,20374,9b748005fa996593727cd53c870f0cd2326fa4d5852764bb7ddd5ce9ea3589f6
03_Rapports/02_Phase_2/Audit_DIRECTION_Phase2_05_Visual_Target_Anchors_Assets.md,Audit_DIRECTION_Phase2_05_Visual_Target_Anchors_Assets.md,libfile_4acf4ba02b588191b6d912592517b3b5,rapport_phase_2,21943,d6925a10a12b07ec38abb8447ea4cf75af386b770fa47da5ac8efeb90bf18e85
03_Rapports/02_Phase_2/Audit_DIRECTION_Phase2_06_Atelier_Truth_Double_Loop.md,Audit_DIRECTION_Phase2_06_Atelier_Truth_Double_Loop.md,libfile_99acab4ddab08191a13ab1078e04cd57,rapport_phase_2,25974,956a0c210f9e126d851d65af68b8a4b49f0fe84d425069aaacf64e59aeaae1b6
03_Rapports/02_Phase_2/Audit_DIRECTION_Phase2_07_Role_Five_Absolutes.md,Audit_DIRECTION_Phase2_07_Role_Five_Absolutes.md,libfile_b021c9c797f48191b3a0facdec4cc6ed,rapport_phase_2,30923,6f48df2b100507a49d02890bcfbe6c8b67b93289a90e694e1987d3cfdbf93343
03_Rapports/02_Phase_2/Audit_DIRECTION_Phase2_08_Posture_Mode_ITER_Capacity.md,Audit_DIRECTION_Phase2_08_Posture_Mode_ITER_Capacity.md,libfile_6796e1064c7481919fc16e8a396ff5d2,rapport_phase_2,27971,d8eeacecf935da2a18c0ff1ebfaa9da95d7067c16c68782c27d85bc68cfa0506
03_Rapports/02_Phase_2/Audit_DIRECTION_Phase2_09_Divergence_Routing.md,Audit_DIRECTION_Phase2_09_Divergence_Routing.md,libfile_3589a0f7a04c8191bbc6447bc9377f54,rapport_phase_2,24844,8a5607fa9df6c251e66ea766db53078ce800cf6b00dba9269283af0658219bd2
03_Rapports/02_Phase_2/Audit_DIRECTION_Phase2_10_Invariants_Closure_Instrumentation.md,Audit_DIRECTION_Phase2_10_Invariants_Closure_Instrumentation.md,libfile_0c3253c34c28819189c6fac3652d9367,rapport_phase_2,28280,da90b3ebaa226f47044928c21689454b1e45184ec61b00e60907a7eb362972c6
03_Rapports/02_Phase_2/Audit_DIRECTION_Phase2_Checkpoint_Consolidation.md,Audit_DIRECTION_Phase2_Checkpoint_Consolidation.md,libfile_9a4549d7bfc88191ba040ce43e8566c6,rapport_phase_2,23316,484a04261bd43159547921b86beb96cf85995c578ca59c0c8785c5e8bfcc3eeb
03_Rapports/02_Phase_2/Audit_DOMAIN_FRAME_Phase2_01_Schema_Exemple_Couverture_Preuve.md,Audit_DOMAIN_FRAME_Phase2_01_Schema_Exemple_Couverture_Preuve.md,libfile_ea7e42245dcc81918307f959750d46f1,rapport_phase_2,13556,666f0bb1d7810913b1e3c32f0e4eee79b5269b2f69916798dde8fa7e5850030e
03_Rapports/02_Phase_2/Audit_Distributions_GitHub_Local_Phase2_01_Archives_Livraison_Reprise.md,Audit_Distributions_GitHub_Local_Phase2_01_Archives_Livraison_Reprise.md,libfile_5812fdcab7288191a6461df6dbf0fe7d,rapport_phase_2,10212,f08f54f22c01060d6ec924a1e0e23fd03ac5dcbc9bdf9152aa3aa1ae58298632
03_Rapports/02_Phase_2/Audit_GLOSSAIRE_Phase2_01_Termes_Statuts_Preuve_Persistance.md,Audit_GLOSSAIRE_Phase2_01_Termes_Statuts_Preuve_Persistance.md,libfile_9e380df6dc7c8191b63e0cf19eba846e,rapport_phase_2,15934,5cc61022c3ad3c67560036308688a2543e97318426736dae1b607e3610c09e60
03_Rapports/02_Phase_2/Audit_Memoire_Migration_Phase2_01_Inventaire_Archives_Autorite.md,Audit_Memoire_Migration_Phase2_01_Inventaire_Archives_Autorite.md,libfile_77cf649697cc81919e6f3afdd715e2e4,rapport_phase_2,10389,fa01cd682583ec5ea35af37a0e4fad477b23f6c883ae82b2a11f32eccf7e82dd
03_Rapports/02_Phase_2/Audit_ORCHESTRATION_MAP_Phase2_01_Combinaisons_Preuve_Variation.md,Audit_ORCHESTRATION_MAP_Phase2_01_Combinaisons_Preuve_Variation.md,libfile_fbaed0613a2c8191a66b19323a4bd91b,rapport_phase_2,15553,d817250cf3d29808f62557c6c182e2203f43637d25d9c4b27fa933a25e6a3e44
03_Rapports/02_Phase_2/Audit_PRODUCTION_CONTRACTS_Phase2_01_Schema_Exemple_Trois_Objets.md,Audit_PRODUCTION_CONTRACTS_Phase2_01_Schema_Exemple_Trois_Objets.md,libfile_f237544139e48191810b5baca3590110,rapport_phase_2,14188,9cad74cba4b1c00f21bb104989b5cf3e35e48865436552e562bfdc83b5bceb46
03_Rapports/02_Phase_2/Audit_Package_Manifest_Phase2_01_Inventaires_Version_Distributions.md,Audit_Package_Manifest_Phase2_01_Inventaires_Version_Distributions.md,libfile_f4a0548e31308191ad876e87ffc2576f,rapport_phase_2,11609,8d3909ef186fbc402181036a960f09bcb6728b6b2c253353cb28c79a30603ec2
03_Rapports/02_Phase_2/Audit_Phase2_Checkpoint_Cinq_Proprietaires_Interfaces.md,Audit_Phase2_Checkpoint_Cinq_Proprietaires_Interfaces.md,libfile_5afd31568944819182cdbb4eb4bc9716,rapport_phase_2,17127,a751e10885b6ff650845551e4569ec82bae3a568672f948d1ab5d53e4833f7e5
03_Rapports/02_Phase_2/Audit_Phase2_Checkpoint_Final_Couverture_Interfaces_Entree_Phase3.md,Audit_Phase2_Checkpoint_Final_Couverture_Interfaces_Entree_Phase3.md,libfile_c792f2cbdc308191b819501e053384c7,rapport_phase_2,12465,750a6da6f67fecfc447ee694494923b8548348b6ddf6402436e54813062a5a6d
03_Rapports/02_Phase_2/Audit_QUICKSTART_Phase2_01_Entree_90s_Activation_Constitution.md,Audit_QUICKSTART_Phase2_01_Entree_90s_Activation_Constitution.md,libfile_3249cf495dd88191851d5916933cc4d7,rapport_phase_2,11444,f54b72c7a4eda9a09e372d8cdccd404df98b4008138e02c672431f78375c9e93
03_Rapports/02_Phase_2/Audit_QUICKSTART_Phase2_02_Chemin_30s_Parcours_5min_Validation.md,Audit_QUICKSTART_Phase2_02_Chemin_30s_Parcours_5min_Validation.md,libfile_06dab80136e08191928f31a50799420e,rapport_phase_2,14314,8f7c3262e9a3b00ae99723f7bde7ac7438a14044a017d353e9edc3fecefe3666
03_Rapports/02_Phase_2/Audit_QUICKSTART_Phase2_03_Classification_Chargement_Modes.md,Audit_QUICKSTART_Phase2_03_Classification_Chargement_Modes.md,libfile_f10c280779cc81919d40027044a40bbe,rapport_phase_2,14767,f5339916ad824b93d4f3c94aef00b9a1c8fb2471ab27ac116841dd43c06c87c8
03_Rapports/02_Phase_2/Audit_QUICKSTART_Phase2_04_Qualite_Premier_Rendu_One_Shot.md,Audit_QUICKSTART_Phase2_04_Qualite_Premier_Rendu_One_Shot.md,libfile_6bdd81ed1350819195a724b7ed2256f3,rapport_phase_2,12970,161fb7158d8dc116191699208fbac84c288781be9596d048ed1bf20007d6fcb6
03_Rapports/02_Phase_2/Audit_QUICKSTART_Phase2_05_Handoff_Agentique_Autorite_Preuve.md,Audit_QUICKSTART_Phase2_05_Handoff_Agentique_Autorite_Preuve.md,libfile_c4f49ded58088191b7c9b00a2330bec8,rapport_phase_2,11701,2925e4a776b82f28056c704a8983df029d298e5136d642060215379f30beb95d
03_Rapports/02_Phase_2/Audit_QUICKSTART_Phase2_06_Exemple_Complet_Minimal_Chronologie_Preuve.md,Audit_QUICKSTART_Phase2_06_Exemple_Complet_Minimal_Chronologie_Preuve.md,libfile_7ced4629129081919fb2f9630c6948d0,rapport_phase_2,13886,3ee30eb045b9a03a6164f6bc146619c3f702e7b52a601e0f9aa3a73ec0e5d384
03_Rapports/02_Phase_2/Audit_QUICKSTART_Phase2_07_Observation_Interpretation_Amelioration.md,Audit_QUICKSTART_Phase2_07_Observation_Interpretation_Amelioration.md,libfile_adb395c434a481919d4de6d14dc9dc0c,rapport_phase_2,13105,5b62521155a6f6508fad606e47cb611152652370ff98227905a1d331b697c18f
03_Rapports/02_Phase_2/Audit_QUICKSTART_Phase2_08_Persistance_Cloture_Statuts_Reserves.md,Audit_QUICKSTART_Phase2_08_Persistance_Cloture_Statuts_Reserves.md,libfile_44b3af20102481918a5de594941d8574,rapport_phase_2,13537,465024ddd1539a5691afb1994afc39dcadf843180c0b3bc920dfad5bf3f0a5e3
03_Rapports/02_Phase_2/Audit_QUICKSTART_Phase2_09_Sources_Proprietaires_References_Skill.md,Audit_QUICKSTART_Phase2_09_Sources_Proprietaires_References_Skill.md,libfile_8e5633100af481918f22417d2158e089,rapport_phase_2,11447,a9e98a29dd2695ded5be8e3c94135f39a2f0c1e4818b13ba59cf600a4b6e6f7c
03_Rapports/02_Phase_2/Audit_QUICKSTART_Phase2_Checkpoint_Consolidation.md,Audit_QUICKSTART_Phase2_Checkpoint_Consolidation.md,libfile_e6c510491bac8191b64b4acea66510e7,rapport_phase_2,16072,fd9b72c0b94668457688644ecff728a5aa2f3c33ba2b98a7db295134556b368c
03_Rapports/02_Phase_2/Audit_READING_MAP_Phase2_01_Carte_Complete_Routage_Perspectives_Handoff_Locators.md,Audit_READING_MAP_Phase2_01_Carte_Complete_Routage_Perspectives_Handoff_Locators.md,libfile_8e05de8a946c8191b41af4ffd3ac156a,rapport_phase_2,18453,3edfeaba89563dc5a04822990263a1af0401557aee8b97b8032884262c3cd956
03_Rapports/02_Phase_2/Audit_README_Officiel_Phase2_01_Entree_Autorite_Liens_Promesses.md,Audit_README_Officiel_Phase2_01_Entree_Autorite_Liens_Promesses.md,libfile_5fbc338b0bcc819184918f36dba973ed,rapport_phase_2,12095,a9858ff394f82a4889282c361f072f4eddbe77f912040fe8a995b5148df22355
03_Rapports/02_Phase_2/Audit_README_Racine_Phase2_01_Entree_Modes_Liens_Validation_Exports.md,Audit_README_Racine_Phase2_01_Entree_Modes_Liens_Validation_Exports.md,libfile_fdb91af472348191a941282656cc8b91,rapport_phase_2,13137,beb3fc89c04b5fa185a7e50c57fdd267fd827c1fb48957f2c47641f5d14d3eb7
03_Rapports/02_Phase_2/Audit_RESEARCH_BRIEF_Phase2_01_Schema_Exemple_Sources_Incertitude.md,Audit_RESEARCH_BRIEF_Phase2_01_Schema_Exemple_Sources_Incertitude.md,libfile_d27d686c4514819197f3bf196f08b019,rapport_phase_2,13449,90969a3b5513a51e05f05d7aa653bc782fc3110ca03464d42952be044709210b
03_Rapports/02_Phase_2/Audit_RUN_CARD_Fixtures_Phase2_01_Acceptation_Capacite_Close.md,Audit_RUN_CARD_Fixtures_Phase2_01_Acceptation_Capacite_Close.md,libfile_b8cb831951ac8191a8e4bc9d81a751b9,rapport_phase_2,10521,7ae1fecab25f1dd6407e0c220287674e54aea7c7a93a19b6e6e025927b858862
03_Rapports/02_Phase_2/Audit_RUN_CARD_Fixtures_Phase2_02_Risque_Direction_Preuve.md,Audit_RUN_CARD_Fixtures_Phase2_02_Risque_Direction_Preuve.md,libfile_5adea2a2ce688191b9300e6e706c1579,rapport_phase_2,10575,945a4d75412d0b8563e89e58d517c1e7790cd1d5b2a1f1d60b1d9693d1a4c64e
03_Rapports/02_Phase_2/Audit_RUN_CARD_Fixtures_Phase2_03_Exceptions_Verdicts_Cas_Valides.md,Audit_RUN_CARD_Fixtures_Phase2_03_Exceptions_Verdicts_Cas_Valides.md,libfile_27506db778c08191846d9aab90ee0b48,rapport_phase_2,10579,b9a1d5800512c41e549d0ccc50d9e59005a5df5a4132590f976682adc5de85f9
03_Rapports/02_Phase_2/Audit_RUN_CARD_Fixtures_Phase2_Checkpoint_Consolidation.md,Audit_RUN_CARD_Fixtures_Phase2_Checkpoint_Consolidation.md,libfile_155da2e639a48191885e7de51a2f2bac,rapport_phase_2,12148,01f814f2d2ca06dbd4118b29d79d084a2e371b9647e2537e4a275dec9f28330c
03_Rapports/02_Phase_2/Audit_RUN_CARD_Phase2_01_Enveloppe_Mode_Risque_Sources.md,Audit_RUN_CARD_Phase2_01_Enveloppe_Mode_Risque_Sources.md,libfile_10dbc2028b088191b125ecba4e459dac,rapport_phase_2,11146,d02954f6abd946296f2ad6448d8801fa9dd9700ac3cf289486c3088de833089c
03_Rapports/02_Phase_2/Audit_RUN_CARD_Phase2_02_Direction_Ancres_Artefact_Capacites.md,Audit_RUN_CARD_Phase2_02_Direction_Ancres_Artefact_Capacites.md,libfile_9e8f1cf416a08191a84600a69681c43b,rapport_phase_2,13656,b31c89e448fa1eb693a5150851107d27d3eb99dc928851dd69c039cdb4f57844
03_Rapports/02_Phase_2/Audit_RUN_CARD_Phase2_03_Preuve_Provenance_Close_Decision.md,Audit_RUN_CARD_Phase2_03_Preuve_Provenance_Close_Decision.md,libfile_0ca56f9169308191bffacbcde76343bc,rapport_phase_2,10931,52b7b5a05d1326ee9f1b461802f69049f74ba58dce8dcd416de2b0ae4b86c26d
03_Rapports/02_Phase_2/Audit_RUN_CARD_Phase2_04_Cloture_Conditions_Finales.md,Audit_RUN_CARD_Phase2_04_Cloture_Conditions_Finales.md,libfile_db64843f5e3481918ecd01d0828c7897,rapport_phase_2,11282,8cba641c99567fdf411a17d80c9a08724f41d0d7c391f656a81c1d229ceb0c31
03_Rapports/02_Phase_2/Audit_RUN_CARD_Phase2_Checkpoint_Consolidation.md,Audit_RUN_CARD_Phase2_Checkpoint_Consolidation.md,libfile_b732cdd3c7888191a608b464a4c28fe5,rapport_phase_2,10237,d3374ae5054e7b0eb8f253395526bb22b40539541480a3de439c2cfa8a3783e2
03_Rapports/02_Phase_2/Audit_Read_Route_Phase2_01_Resolution_Extraction_GitHub_Local.md,Audit_Read_Route_Phase2_01_Resolution_Extraction_GitHub_Local.md,libfile_74856463f4a48191b286d255c7016ae9,rapport_phase_2,11321,a478905f93057b343698ba5cb87d1824abda1a77297c3a4e88e81eabba54fac2
03_Rapports/02_Phase_2/Audit_Reference_Canonical_Minimum_Phase2_01_Limites_Statuts_Priorite.md,Audit_Reference_Canonical_Minimum_Phase2_01_Limites_Statuts_Priorite.md,libfile_1691b11f2f6881918f46e05bbef2dde0,rapport_phase_2,7574,4a736c72ed6922db3bfdbc97043bf4b3eeaa01b9b38d2ee61c11e08825fbc3d0
03_Rapports/02_Phase_2/Audit_Reference_Examples_Phase2_01_Quatre_Parcours_Preuve_Cloture.md,Audit_Reference_Examples_Phase2_01_Quatre_Parcours_Preuve_Cloture.md,libfile_2665e536614c8191881ea6d7ad801593,rapport_phase_2,12151,61bdc9421371c25fc51204dcb52f1d2880faaad7a2af4f1dc9d1d1a63660de57
03_Rapports/02_Phase_2/Audit_Reference_Flow_Phase2_01_Branches_Critiques_Preuve.md,Audit_Reference_Flow_Phase2_01_Branches_Critiques_Preuve.md,libfile_90f2681cb63481919ddbbac74060fcca,rapport_phase_2,7632,12e17eb0c6d266e2d653955c5b63a8920223743b33408e98ba83fb3a9f37019a
03_Rapports/02_Phase_2/Audit_Reference_Machine_Projection_Phase2_01_YAML_JSON_Provenance_Validation.md,Audit_Reference_Machine_Projection_Phase2_01_YAML_JSON_Provenance_Validation.md,libfile_905a5477771c8191a59864156297217f,rapport_phase_2,11104,7ea4a266f2ed88d4debb357422a18f64ee4c5dc331c9e4dd4380efbaef6e90b8
03_Rapports/02_Phase_2/Audit_Release_Notes_Phase2_01_Version_Distributions_Controles_Limites.md,Audit_Release_Notes_Phase2_01_Version_Distributions_Controles_Limites.md,libfile_21e187deea8481918e7b916208494510,rapport_phase_2,9951,9e60136dde130e5491b4b12d65fa9b77b65bd94555091e36b335c0243d5092e9
03_Rapports/02_Phase_2/Audit_SAVOIR_Phase2_01_Responsabilite_Autorite_Routage.md,Audit_SAVOIR_Phase2_01_Responsabilite_Autorite_Routage.md,libfile_7d2b18ae2bdc8191b578ccce57a15f41,rapport_phase_2,17926,194b3f0c9ef1165b2b315fb995078866e63bdaac6b9130ca65a170ada434b60e
03_Rapports/02_Phase_2/Audit_SAVOIR_Phase2_02_FRAME_Fondations_Cadrage.md,Audit_SAVOIR_Phase2_02_FRAME_Fondations_Cadrage.md,libfile_da6efe93a96c819190eecdcd5389f7d9,rapport_phase_2,15993,1bf5fa58baaf44de8aef56a2a14a934001c70451a84f34848129a8a6a77ce41f
03_Rapports/02_Phase_2/Audit_SAVOIR_Phase2_03_CRAFT_Premier_Rendu_One_Shot_Forme_Situee.md,Audit_SAVOIR_Phase2_03_CRAFT_Premier_Rendu_One_Shot_Forme_Situee.md,libfile_d72614688f7c8191ae621533a6f6d340,rapport_phase_2,16425,999e540ceaf7881de3128235009d17be5fe0835a0c373598b2929d26273384d1
03_Rapports/02_Phase_2/Audit_SAVOIR_Phase2_04_CRAFT_Alternatives_Composition_Emotion_Couleur.md,Audit_SAVOIR_Phase2_04_CRAFT_Alternatives_Composition_Emotion_Couleur.md,libfile_0743d1f0992881919ab6fa4954b26031,rapport_phase_2,18189,7acbd3a362bfabfff8d8565279abca6b66661ad894d46b5616cf421021128531
03_Rapports/02_Phase_2/Audit_SAVOIR_Phase2_05_TYPE_Typographie_Preuve.md,Audit_SAVOIR_Phase2_05_TYPE_Typographie_Preuve.md,libfile_100aa182513c81919035f424cef20155,rapport_phase_2,15490,4cdd74494c1225a7f320d9dfe3c7c95f83320f56fe536bcc9a57637b0c620d43
03_Rapports/02_Phase_2/Audit_SAVOIR_Phase2_06_STATE_Craft_Etats_Preuves.md,Audit_SAVOIR_Phase2_06_STATE_Craft_Etats_Preuves.md,libfile_79e5dc4c10b88191a6a2707cbc02ec38,rapport_phase_2,15039,38b10f10cbf2af758e7d56119ac54e8c2c391daaffc100f7aa3aed7d6a13b878
03_Rapports/02_Phase_2/Audit_SAVOIR_Phase2_07_SOURCE_Ancres_Recherche_Droits.md,Audit_SAVOIR_Phase2_07_SOURCE_Ancres_Recherche_Droits.md,libfile_c714f1e1fa448191b954bd49b78cd6d7,rapport_phase_2,20198,10ffdcaaec5a0b23c0e1821932bee389f5fa6c2d03908b53a16ced1c482b59a7
03_Rapports/02_Phase_2/Audit_SAVOIR_Phase2_08_DESIGN_ATLAS_Familles_Medium_Selection.md,Audit_SAVOIR_Phase2_08_DESIGN_ATLAS_Familles_Medium_Selection.md,libfile_8c79cf0859c88191b452a5936bb14c03,rapport_phase_2,17409,41fbbdbd868e84bfc19dbce1f74010bc9e34a9ba05a99dd42ba33e18cc3d43a4
03_Rapports/02_Phase_2/Audit_SAVOIR_Phase2_09_STYLE_Profils_Dials_Epreuves.md,Audit_SAVOIR_Phase2_09_STYLE_Profils_Dials_Epreuves.md,libfile_a2490ba2650881918a01f997d2a7ae51,rapport_phase_2,21637,814c57b282116d03665a7a09680b277a734f2cede1b868b8f3d6e4dbe1120d5c
03_Rapports/02_Phase_2/Audit_SAVOIR_Phase2_10_SYSTEM_Tokens_Composants_Partages.md,Audit_SAVOIR_Phase2_10_SYSTEM_Tokens_Composants_Partages.md,libfile_260dfdfe238081919398d087533b155f,rapport_phase_2,17515,ddbfdb4b455bffebc9f14949e758c868044ded5681049a4fdb67a94a62a6f073
03_Rapports/02_Phase_2/Audit_SAVOIR_Phase2_11_CONTEXT_Accessibilite_Motion_Responsive.md,Audit_SAVOIR_Phase2_11_CONTEXT_Accessibilite_Motion_Responsive.md,libfile_2616134339a4819181cac574c5e8f0d3,rapport_phase_2,15267,b47aed896b38ca8175f6d4f6f2afab1a3bf1cf80b41666a6e7f0683efef483f6
03_Rapports/02_Phase_2/Audit_SAVOIR_Phase2_12_TECH_Techniques_Preuves_Medium_Stack.md,Audit_SAVOIR_Phase2_12_TECH_Techniques_Preuves_Medium_Stack.md,libfile_857487b4ba4c8191a848731344a18d01,rapport_phase_2,17340,c6af3d1cf326503bfc5466c061338087206acb2995646ec44f3c68256b27f251
03_Rapports/02_Phase_2/Audit_SAVOIR_Phase2_13_TOOLS_Claims_Tendances_Calibration.md,Audit_SAVOIR_Phase2_13_TOOLS_Claims_Tendances_Calibration.md,libfile_c0601eaf79fc8191bb1d2fb5c0bf8c9d,rapport_phase_2,16543,ebaffeeddaddcf44d020f6ec73f715d99befdce2f4346289ef55f945bb68e261
03_Rapports/02_Phase_2/Audit_SAVOIR_Phase2_14_INTEGRITY_Non_Recitation_Delegation_Critique.md,Audit_SAVOIR_Phase2_14_INTEGRITY_Non_Recitation_Delegation_Critique.md,libfile_d20e34f0c5c48191a37a43a6b30e34cb,rapport_phase_2,15683,b129d8d524c11b16ba6914b821334e1b07ff79d467a52cedabd18327997d183a
03_Rapports/02_Phase_2/Audit_SAVOIR_Phase2_15_Regles_Or_Methodologie_Studio.md,Audit_SAVOIR_Phase2_15_Regles_Or_Methodologie_Studio.md,libfile_20ab2111f6308191abfe2e26f4a22b89,rapport_phase_2,14843,b3a97dbaa247de875fe07d60071bba1228c20f29dbb337e4024bdaed8fd182c1
03_Rapports/02_Phase_2/Audit_SAVOIR_Phase2_Checkpoint_Consolidation.md,Audit_SAVOIR_Phase2_Checkpoint_Consolidation.md,libfile_3c02bb5d29048191b05f451128bc054c,rapport_phase_2,17291,e44c4bfa4053b1b96e8048ffeba62c1f6c9a1ae03d0b3f4cdcc2f82c2a57ea2b
03_Rapports/02_Phase_2/Audit_Skill_Pratique_Phase2_01_Activation_Routes_Sortie_Exports.md,Audit_Skill_Pratique_Phase2_01_Activation_Routes_Sortie_Exports.md,libfile_066487cbf94c8191b22967902b7378d0,rapport_phase_2,11064,cca104fc258038ccb39d83b945229b4e5e4ae9025ce9a511828dba4c802c3698
03_Rapports/02_Phase_2/Audit_Validate_ALL_Phase2_01_Orchestration_Oracles_Build_Reprise.md,Audit_Validate_ALL_Phase2_01_Orchestration_Oracles_Build_Reprise.md,libfile_a536b26b2ca88191bce67180b1852fdf,rapport_phase_2,11049,9c946ba19c0d75af63872c320181d9191aea2f71557202c11f85178d79cf4829
03_Rapports/02_Phase_2/Audit_Validate_Contracts_Phase2_01_Schema_Oracles_CLI.md,Audit_Validate_Contracts_Phase2_01_Schema_Oracles_CLI.md,libfile_f269955712f081918ba96b833ef044de,rapport_phase_2,11559,d2910de23a8ad0347182afd49639012cfeab9aa6328ed8db5ce9a406932b4017
03_Rapports/02_Phase_2/Audit_Validate_Design_Governance_Phase2_01_Inventaire_Liens_Conventions.md,Audit_Validate_Design_Governance_Phase2_01_Inventaire_Liens_Conventions.md,libfile_16f1ff3a853881919397a1351761685e,rapport_phase_2,12197,1840a6a7b2f0e65be2928625be4c3abf6297d8703319cfb30410cd8afff91666
03_Rapports/02_Phase_2/Audit_Validate_READING_MAP_Phase2_01_Locators_Handoff_Autorite.md,Audit_Validate_READING_MAP_Phase2_01_Locators_Handoff_Autorite.md,libfile_da05e0c26cb08191a2079ea448300e0b,rapport_phase_2,12551,f9740e1a7422566179085e83c20f54dd563d41581f728a3606c972c35927d323
03_Rapports/02_Phase_2/Audit_Validate_RUN_CARD_Phase2_01_Chargement_Schema_Diagnostic_HELD.md,Audit_Validate_RUN_CARD_Phase2_01_Chargement_Schema_Diagnostic_HELD.md,libfile_4d4afada09e48191bf2aab67e06d3ceb,rapport_phase_2,10134,6a59f2abb6bfc8a6d4162a5b452ad189e159f838f16da67246fc46154fa87cdb
03_Rapports/02_Phase_2/Audit_Validate_RUN_CARD_Phase2_02_Contrat_Metier_Mode_Strict.md,Audit_Validate_RUN_CARD_Phase2_02_Contrat_Metier_Mode_Strict.md,libfile_e714aa5dc5088191978acdc3c026d351,rapport_phase_2,12731,acbdf852093da1cb7f9f7de3c8fb63b3338e54274579c806300f4acd8119c5a4
03_Rapports/02_Phase_2/Audit_Validate_RUN_CARD_Phase2_03_Assemblage_Oracles_Cible.md,Audit_Validate_RUN_CARD_Phase2_03_Assemblage_Oracles_Cible.md,libfile_f371a8c01d2081919489fb75325b0d20,rapport_phase_2,9654,9cb3c5ffac2197d5bbc95cb7927b9b4afd807ecb4d412e3ccee209586dd36114
03_Rapports/02_Phase_2/Audit_Validate_RUN_CARD_Phase2_04_CLI_Suite_Schema_Manquant.md,Audit_Validate_RUN_CARD_Phase2_04_CLI_Suite_Schema_Manquant.md,libfile_c77f976d7c508191891db1fd3d79e645,rapport_phase_2,11314,28be73abb8a10939489d0f003a8d3cf324fc5ae60346f3731bd7a9e79f7ea317
03_Rapports/02_Phase_2/Audit_Validate_RUN_CARD_Phase2_Checkpoint_Consolidation.md,Audit_Validate_RUN_CARD_Phase2_Checkpoint_Consolidation.md,libfile_fe4d997d8ec081919aab845efc5166f0,rapport_phase_2,11280,c2dbe33b24ad813e644664db1240da188b968ecf513ce16597e606214be667e4
03_Rapports/02_Phase_2/Audit_Workflow_Validate_Phase2_01_Declencheurs_Node24_Execution.md,Audit_Workflow_Validate_Phase2_01_Declencheurs_Node24_Execution.md,libfile_bcb06cbbe2188191a2233494b92ddfea,rapport_phase_2,8997,583c3dd33c11f99bfb909e6bb6cd0a3b48379e5717f1b002a0b2b724ca18c94d
03_Rapports/02_Phase_2/copies_identiques/Audit_DIRECTION_Phase2_07_Role_Five_Absolutes(1).md,Audit_DIRECTION_Phase2_07_Role_Five_Absolutes(1).md,libfile_2c87e5231f448191a9616cb9c2b9e736,rapport_phase_2,30923,6f48df2b100507a49d02890bcfbe6c8b67b93289a90e694e1987d3cfdbf93343
03_Rapports/02_Phase_2/copies_identiques/Audit_Validate_RUN_CARD_Phase2_Checkpoint_Consolidation-1.md,Audit_Validate_RUN_CARD_Phase2_Checkpoint_Consolidation-1.md,libfile_56ff08fb7e748191923d61fbc342fff3,rapport_phase_2,11280,c2dbe33b24ad813e644664db1240da188b968ecf513ce16597e606214be667e4
03_Rapports/03_Phases_3_a_9/Audit_Phase3_01_ROLE_MAP_Proprietaires_Acteurs_Projections.md,Audit_Phase3_01_ROLE_MAP_Proprietaires_Acteurs_Projections.md,libfile_49fb57202c448191a61d44f151c74901,rapport_phase_3_a_9,18381,c5730ead5386929aeef486e229121c8e9bb34dfad3cc3af6f84d1c2ce4a4ca0b
03_Rapports/03_Phases_3_a_9/Audit_Phase4_01_CONTRACT_DIAGNOSTIC_Classification_Handoff_RUN_CARD.md,Audit_Phase4_01_CONTRACT_DIAGNOSTIC_Classification_Handoff_RUN_CARD.md,libfile_86ee0878538c81918d39e4a7935b98ae,rapport_phase_3_a_9,17665,665bcea68e29034f489f15e1a8935c95f7813fe66236ec49a87156376a5b8b85
03_Rapports/03_Phases_3_a_9/Audit_Phase4_02_CONTRACT_DIAGNOSTIC_Decision_Partagee_Directe_Induite.md,Audit_Phase4_02_CONTRACT_DIAGNOSTIC_Decision_Partagee_Directe_Induite.md,libfile_d175ffa0e83881918ad7f71959b33a05,rapport_phase_3_a_9,18874,aec0f3159812d4bd1f538bbf526637d071b7da18723fcd2ac2b50e282dfa6fdc
03_Rapports/03_Phases_3_a_9/Audit_Phase4_03_CONTRACT_DIAGNOSTIC_Selection_Heritage_Composant.md,Audit_Phase4_03_CONTRACT_DIAGNOSTIC_Selection_Heritage_Composant.md,libfile_31cb2878bbf481918f0b9c714494bbad,rapport_phase_3_a_9,18097,6d82de0420b18670a5404a7214250d3fead6a30e1410c62ba8811131a9deadb6
03_Rapports/03_Phases_3_a_9/Audit_Phase4_04_CONTRACT_DIAGNOSTIC_RUN_CARD_Schema_Validateur_Fixtures.md,Audit_Phase4_04_CONTRACT_DIAGNOSTIC_RUN_CARD_Schema_Validateur_Fixtures.md,libfile_8b13c09530c48191828817fae138332d,rapport_phase_3_a_9,10176,1d050a24f39e6617f205f83bc5169e5dc8a65874d9e84059e5ff9596ff0f8aee
03_Rapports/03_Phases_3_a_9/Audit_Phase4_05_CONTRACT_DIAGNOSTIC_DOMAIN_FRAME_Schema_Validateur.md,Audit_Phase4_05_CONTRACT_DIAGNOSTIC_DOMAIN_FRAME_Schema_Validateur.md,libfile_db43e4ff0f248191ad7e0e02f652e208,rapport_phase_3_a_9,12944,82d3960b7660874831d5c5917deb1fa9472b16d15f022ff3aa0d984928efe000
03_Rapports/03_Phases_3_a_9/Audit_Phase4_06_CONTRACT_DIAGNOSTIC_RESEARCH_BRIEF_Sources_Incertitude_Validateur.md,Audit_Phase4_06_CONTRACT_DIAGNOSTIC_RESEARCH_BRIEF_Sources_Incertitude_Validateur.md,libfile_7a3bb1db523481918b5a669b32323d95,rapport_phase_3_a_9,13921,48ed2c7f3ca1433cd855232db6e40524326bf074906bf2de667f117e7f670011
03_Rapports/03_Phases_3_a_9/Audit_Phase4_07_CONTRACT_DIAGNOSTIC_Production_Creative_UIUX_Evaluation.md,Audit_Phase4_07_CONTRACT_DIAGNOSTIC_Production_Creative_UIUX_Evaluation.md,libfile_06d3f85aa6c88191b5b74cfda1b25fc6,rapport_phase_3_a_9,14044,b521a285fe6e3de38dc9fb4c41f63686b9b070a8a7e9b17545a811451bcaa80a
03_Rapports/03_Phases_3_a_9/Audit_Phase4_08_CONTRACT_DIAGNOSTIC_Production_HANDOFF_RUN_CARD_Cloture.md,Audit_Phase4_08_CONTRACT_DIAGNOSTIC_Production_HANDOFF_RUN_CARD_Cloture.md,libfile_5de47d4c740c819181205a3cc023c281,rapport_phase_3_a_9,14866,dd287ad6e97a4f189bfac63dff6b0ef1f7e33fd384cf106600332945d5bd13fa
03_Rapports/03_Phases_3_a_9/Audit_Phase4_09_CONTRACT_DIAGNOSTIC_Sources_Manifeste_Distributions.md,Audit_Phase4_09_CONTRACT_DIAGNOSTIC_Sources_Manifeste_Distributions.md,libfile_cc3cab8caa9081919f9a886ae6d49e28,rapport_phase_3_a_9,12109,d6e9f4291219197507a4f552bbc4062e0f6db2e5f9491db122a7e5c84bcddcf2
03_Rapports/03_Phases_3_a_9/Audit_Phase5_01_INFORMATION_ARCHITECTURE_DIAGNOSTIC_Entrees_Parcours_Premiere_Action.md,Audit_Phase5_01_INFORMATION_ARCHITECTURE_DIAGNOSTIC_Entrees_Parcours_Premiere_Action.md,libfile_769d7aad20708191991bc64e1fb74939,rapport_phase_3_a_9,18627,3b171c462346042522a08809d37bf566131b3024597dd04fa14de5e3961ed01b
03_Rapports/03_Phases_3_a_9/Audit_Phase5_02_INFORMATION_ARCHITECTURE_DIAGNOSTIC_Sections_Usage_Charge.md,Audit_Phase5_02_INFORMATION_ARCHITECTURE_DIAGNOSTIC_Sections_Usage_Charge.md,libfile_4bbcca6ef60c819181c699c0801baf41,rapport_phase_3_a_9,16032,cf8e17b0342215194fa8662ea9e01e594aac816e9795e48ed9cdeef25044372c
03_Rapports/03_Phases_3_a_9/Audit_Phase5_03_INFORMATION_ARCHITECTURE_DIAGNOSTIC_Matrice_Necessite_60_Sources.md,Audit_Phase5_03_INFORMATION_ARCHITECTURE_DIAGNOSTIC_Matrice_Necessite_60_Sources.md,libfile_a6d983115d78819183299c80f86e862b,rapport_phase_3_a_9,41427,c1230086ebe12ad6932832c9540f58be1e793a51f40227adad0b3f84ef2e64f1
03_Rapports/03_Phases_3_a_9/Audit_Phase5_04_INFORMATION_ARCHITECTURE_DIAGNOSTIC_Synthese_Six_Axes.md,Audit_Phase5_04_INFORMATION_ARCHITECTURE_DIAGNOSTIC_Synthese_Six_Axes.md,libfile_7be2a90c3a00819185eac40bb0201d0c,rapport_phase_3_a_9,15191,c01674b954f6ee87d095fe48f396b4beae038c75b8cdc1cfcdec8ae85ab21906
03_Rapports/03_Phases_3_a_9/Audit_Phase6_01_POSITIVE_CAPABILITY_DIAGNOSTIC_Premier_Objet_Dix_Dimensions.md,Audit_Phase6_01_POSITIVE_CAPABILITY_DIAGNOSTIC_Premier_Objet_Dix_Dimensions.md,libfile_002ca5df78788191b5e2035ca1416beb,rapport_phase_3_a_9,15820,00dc75c24d6a2d78d2ef348b9be97aacb3f0de641454f9478d403c49ea2a6ca9
03_Rapports/03_Phases_3_a_9/Audit_Phase6_02_POSITIVE_CAPABILITY_DIAGNOSTIC_Pilotes_Preparation_Observation.md,Audit_Phase6_02_POSITIVE_CAPABILITY_DIAGNOSTIC_Pilotes_Preparation_Observation.md,libfile_fc32a3481e908191900b37352f1b37c1,rapport_phase_3_a_9,11157,661ed67fec4465a86f5f9c97dee4548f992675e56db00a554f4ede3028312bac
03_Rapports/03_Phases_3_a_9/Audit_Phase7_01_LOOP_DIAGNOSTIC_Boucles_Creation_Gouvernance_One_Shot.md,Audit_Phase7_01_LOOP_DIAGNOSTIC_Boucles_Creation_Gouvernance_One_Shot.md,libfile_53a473ad7f0c81918a2ce357b8f4e313,rapport_phase_3_a_9,14053,24e2dfede113d0377d8f4b74642b1eb0b81a92188aab4f04ab74d373338eacc2
03_Rapports/03_Phases_3_a_9/Audit_Phase7_02_LOOP_DIAGNOSTIC_Transmission_Retour_Reclassement.md,Audit_Phase7_02_LOOP_DIAGNOSTIC_Transmission_Retour_Reclassement.md,libfile_4341ea5106348191b6e837c351c58080,rapport_phase_3_a_9,12402,ff7f235383da40a1350e69e1b1abab35289d4da585b19ef43776a72f4a1cbf77
03_Rapports/03_Phases_3_a_9/Audit_Phase8_01_PERSPECTIVE_COVERAGE_MATRIX_Douze_Perspectives.md,Audit_Phase8_01_PERSPECTIVE_COVERAGE_MATRIX_Douze_Perspectives.md,libfile_47e5553e0d38819184140ccd24d8d4ba,rapport_phase_3_a_9,15778,a971a2355f9ceea74c77921f7e8b5611377a4f6d49fef990d9976ce2b194c8bb
03_Rapports/03_Phases_3_a_9/Audit_Phase8_02_PERSPECTIVE_COVERAGE_MATRIX_Cinq_Roles_Parcours_Handoff.md,Audit_Phase8_02_PERSPECTIVE_COVERAGE_MATRIX_Cinq_Roles_Parcours_Handoff.md,libfile_66bef33903c88191838dcf676a6f86d5,rapport_phase_3_a_9,13387,0f93facb29c114d9577f19287193cf1fe93b7199dfd9476e7ad47a05d9491100
03_Rapports/03_Phases_3_a_9/Audit_Phase9_01_RESISTANCE_RESULTS_Matrice_Vingt_Scenarios_Oracles.md,Audit_Phase9_01_RESISTANCE_RESULTS_Matrice_Vingt_Scenarios_Oracles.md,libfile_7293d673a30881918c1ca75d5c8ac421,rapport_phase_3_a_9,16939,8986b7e648ffca529a62ee1359d1b31dfea94e44995afbe58f4f8bd10cf51633
03_Rapports/03_Phases_3_a_9/Audit_Phase9_02_RESISTANCE_RESULTS_Preuve_Fraicheur_Texte_Schema.md,Audit_Phase9_02_RESISTANCE_RESULTS_Preuve_Fraicheur_Texte_Schema.md,libfile_a8a91e4c6bc88191abf22192fb3a25d5,rapport_phase_3_a_9,10981,c9656e4344c3ee8dcee9f7826edffd34517238127ce61abc08e92e748928fad0
03_Rapports/03_Phases_3_a_9/Audit_Phase9_03_RESISTANCE_RESULTS_Composant_Partage_Deux_Decisions.md,Audit_Phase9_03_RESISTANCE_RESULTS_Composant_Partage_Deux_Decisions.md,libfile_237c9a0eff4081918318fd0ad65aace5,rapport_phase_3_a_9,12064,7cd3ace4eef2873e83c17f0706570338ade2f8dd690e1c5f15a0c8375b9f14e7
03_Rapports/03_Phases_3_a_9/Audit_Phase9_04_RESISTANCE_RESULTS_Action_Externe_Autorite_Confidentialite.md,Audit_Phase9_04_RESISTANCE_RESULTS_Action_Externe_Autorite_Confidentialite.md,libfile_5b55ab3d228081918878aa3b292c2c0e,rapport_phase_3_a_9,11074,52aa02b565f5797b1674f715befc292ec885cbe702562d17890ae6035149ac73
03_Rapports/03_Phases_3_a_9/Audit_Phase9_05_RESISTANCE_RESULTS_Migration_Aliases_Routes_Promotion.md,Audit_Phase9_05_RESISTANCE_RESULTS_Migration_Aliases_Routes_Promotion.md,libfile_e94e33bdf1048191a728910a00813f3b,rapport_phase_3_a_9,10815,212e2ac8ae79a3471545de0c8ed8c939f9dbe9e744e456a1d26890b4623e9b01
04_Pilotes_6_02_differes/Phase6_02_Pilotes_Controle.zip,Phase6_02_Pilotes_Controle.zip,libfile_813094f9b1b08191927943f72793bdfa,pilote_differe,7412,4b4585991e4cb1985fe8e9c1bbb6a549c82198e849fc1053536d81253c287787
04_Pilotes_6_02_differes/phase6_02_mobile_harness.html,phase6_02_mobile_harness.html,libfile_fa4288ec77e08191b0c19db04245fa96,pilote_differe,1194,c443562c98392654b82a89aafd1994a7689029ff1f77e923da35de13494a367b
04_Pilotes_6_02_differes/phase6_02_pilotes.html,phase6_02_pilotes.html,libfile_59e8fdd152f881919ef24644de2fb801,pilote_differe,22113,0d07ee3e85f6ed13724eb1e2f2ae442deec9988c9842869bfa0b424aca8510ef
05_Historique_non_canonique/CHANGELOG_—_Design_Governance_V1 (10).md,CHANGELOG_—_Design_Governance_V1 (10).md,libfile_aab329f106b4819186835e89d86e8480,historique,6633,d22101db605ea2a61d5a109eadf6b5a29f2425174b1f21ecc829ae66de292c98
05_Historique_non_canonique/CHANGELOG_—_Design_Governance_V1 (3).md,CHANGELOG_—_Design_Governance_V1 (3).md,libfile_0230308870c08191915650e168cb2d8a,historique,5612,a43232b589e9cf5341e7a24f88109de000c26d563e8aae8d082444c56c3166a7
05_Historique_non_canonique/CHANGELOG_—_Design_Governance_V1 (5).md,CHANGELOG_—_Design_Governance_V1 (5).md,libfile_ecc4354317d88191a1304be10af20ce4,historique,14087,3ecd1d7a8e8a3676065882caa65f2632e68fa8aefa352404abeb988b61939dbf
05_Historique_non_canonique/CHANGELOG_—_Design_Governance_V1 (8).md,CHANGELOG_—_Design_Governance_V1 (8).md,libfile_67df4f55ad088191ba9bb92ca32cce83,historique,5327,0e8060aa1ac26da266041ae8804b36542918f24f7bb9d3154f0e62a0f3bc05cd
05_Historique_non_canonique/CHANGELOG_—_Design_Governance_V1.md,CHANGELOG_—_Design_Governance_V1.md,libfile_716dcb9c8f1c8191be8bfab3f47ba2c5,historique,1745,aa6a03005ce8af254650b55a4c16d34b0b646b5b838397d6febc2939a5153797
05_Historique_non_canonique/DIRECTION.md,DIRECTION.md,libfile_ead4eb319f508191bfc7d35ecdfdf463,historique,105595,18f0d5e3846a96df23686eafa2824411d0967df725b66a2304378d501478d352
05_Historique_non_canonique/Design_Governance_V1 (11).md,Design_Governance_V1 (11).md,libfile_890f2a27ffe4819182559cad939101e5,historique,5504,bce7329d2ab6c0457a3c78a013b6d2f5611d01ede565a039d69b58a0d258451f
05_Historique_non_canonique/Design_Governance_V1_1(1).md,Design_Governance_V1_1(1).md,libfile_b6e0e2aca26c8191bda08be1a5e0a46f,historique,627452,98591d631e053e5c049cdad50f85edd6514bfbf7a69e5b11fb682223e438ec9c
05_Historique_non_canonique/Design_Governance_V1_1.md,Design_Governance_V1_1.md,libfile_ca26a8c2d70c8191bdf9fa4a743f028c,historique,615695,1872d2be8ce14ce4d9e4c96f8f9b739cc7c68c722bb5f168074470bba1620e14
05_Historique_non_canonique/Exemples_de_runs_—_Design_Governance_V1.md,Exemples_de_runs_—_Design_Governance_V1.md,libfile_4f9231a527408191b7d38f5d4ce3aae0,historique,10587,0720f6e5991fdae067f5faee44004e6e22d43ad68c23227a50453fdab51a1a16
05_Historique_non_canonique/Plan_Maitre_Audit_Design_Governance.md,Plan_Maitre_Audit_Design_Governance.md,libfile_50b949f2d4d08191998ac1bed6b7fbf9,historique,28679,549972caeb180e3380dcbff1242bd5282eade7b8e7be9c141df9352a53152c01
05_Historique_non_canonique/Protocole_d’audit_approfondi_—_Design_Governance_V (1).md,Protocole_d’audit_approfondi_—_Design_Governance_V (1).md,libfile_bcaf46542fb48191bb13c21c3e0a8c1c,historique,33414,2ba3fe2aa0930d1b0f757e1461861b8029b4f6918a846ddd4c2c924e75da6195
05_Historique_non_canonique/Quick_Start_—_Design_Governance_V1 (11).md,Quick_Start_—_Design_Governance_V1 (11).md,libfile_449681361df88191ad84865ca89e68ee,historique,14432,a25c62be945de045ead90175a3ff64a51771052397ecb12ea7683cfc08d0ca6f
05_Historique_non_canonique/Quick_Start_—_Design_Governance_V1 (3).md,Quick_Start_—_Design_Governance_V1 (3).md,libfile_ea976b8cdb40819194c823eac8e4033e,historique,7783,c888467d0c5872b72a71548bff4fc69cd15ac817d668b40ceecefa23851df901
05_Historique_non_canonique/Quick_Start_—_Design_Governance_V1 (6).md,Quick_Start_—_Design_Governance_V1 (6).md,libfile_d3388e27e6a08191ac84b39872deaf2c,historique,10266,789ee25539b06b7d260760d9c54ba60bfd7ef921a95750b77d43346e0bd12c69
05_Historique_non_canonique/Quick_Start_—_Design_Governance_V1 (9).md,Quick_Start_—_Design_Governance_V1 (9).md,libfile_3f2c83e6eaec8191be1d696eec1cfefa,historique,12880,34394442d409f9b48ccda4b3add9d5790ecdabeba9062cc428531680f258a2f6
05_Historique_non_canonique/Quick_Start_—_Design_Governance_V1.md,Quick_Start_—_Design_Governance_V1.md,libfile_28052a8194ac819184f0184ec3a72d11,historique,4772,738b2550517f578d9d321f0efbba4c2252be56557810b16fa4a684c30cccdd60
