ID,TARGET,SECTION / INTERFACE,SCALE,ROLE-CONCERNED,PERSPECTIVE,OBSERVED-BEHAVIOR,EVIDENCE,RISK-OF-NON-CORRECTION,SEVERITY,SEVERITY-PROVISOIRE (phase 2),OWNER,RECOMMENDATION,DEPENDENCIES,NON-REGRESSION-TEST,DECISION
F-QS-001,"QUICKSTART 83–94, 154 ; skill 83","Façade → DIRECTION/START 142, ACTION/RUN-LITE 343, BIB/SELECT 193–197",Interface,Lecteur pressé / Agent,7 Agentique / 10 Production,"Le « parcours minimal » demande diriger, choisir une structure et un premier objet complet pour tout run ; 154 (et skill 83) charge BIBLIOTHEQUE/COMPONENTS en SYSTÈME même pour un token sans composant","Rapports QS 02/03 ; checkpoint QS : portée réduite, car 150–152 lève le cas LITE/ITER ; 5.01 et 5.04 confirment le mécanisme résiduel (154 et skill 83, deux endroits) ; 9.08 : la surcharge est le coût principal mesuré de DG",Routes créatives ou structurelles chargées sans décision à modifier ; trace qui masque le petit risque réel,Mineur,Observation,QUICKSTART (formulation) ; skill 83,Clarification : qualifier le parcours par mode ; COMPONENTS seulement si un composant change,"Grappe Proportion : F-SK-001, F-RM-003, F-BIB-002, F-ACT-002 ; D-FAC-1","Lecteur des seules lignes 61–105 sur un wrapping LITE, un onboarding critique, une direction identitaire ; token partagé sans composant",RETENU (mineur) → lot éditorial
F-QS-002,QUICKSTART 141 (et README racine 48),Façade → DIRECTION/START 132,Interface,Classification,9 Gouvernance,"« Ou enjeu de craft dominant » suffit grammaticalement à classer DIRECTION, alors que START exige identité, premier contact ou direction autonome","Rapport QS 03 ; checkpoint QS : atténué par les rappels 141, 144, 162 ; 5.01 et 5.04 : même lecture possible depuis README racine 48 ; aucun run ne l’a éprouvée","Écran opérationnel reclassé DIRECTION : ancre, alternative, pipeline et gates importés, proportion perdue",Significatif,Significatif à éprouver,QUICKSTART ; DIRECTION/START (classement),Clarification : retirer le craft comme critère de mode ; le craft reste un risque ciblé (Gate C) en STANDARD,"D-FAC-1 ; F-RDR-001, F-DIR-041 (mécanismes voisins distincts)","Deux écrans aussi exigeants en craft, l’un opérationnel, l’autre première scène : START puis ligne 141 seule ; comparer MODE, preuves, gates",RETENU → phase 11
F-QS-003,QUICKSTART 298,"Façade → ACTION/STATUS 130–143, AUTHORITY 65–67, CLOSE-PACKAGE 415–427, OVERRIDE 808–828",Interface,Clôture / Autorité,9 Gouvernance,"EXPLORATORY, BLOCKED, RETURNED et FAIL-ASSUMED sont groupés, puis approbation et date de revue sont demandées sans distinction",Rapport QS 08 ; la fixture officielle de retour clôturé est valide sans ces champs ; « selon ACTION » permet la lecture conditionnelle ; 5.01 : conservé,Approbation inventée pour archiver un blocage dû à l’accord manquant ; ou approbation générique qui masque les conditions strictes de FAIL-ASSUMED,Significatif,Significatif à éprouver,"QUICKSTART ; ACTION (statuts, autorité, réserves)",Clarification : conditions par issue (archive simple / réserve / exception),"Grappe Protection critique et exception : F-ACT-038, F-ACT-039, F-ACT-023, F-ACT-026","BLOCKED faute de checkpoint, RETURNED sans diffusion, réserve affectant la livraison, FAIL-ASSUMED admissible ou exclu",RETENU → phase 11
F-QS-004,QUICKSTART 312,Façade → skill et références,Interface,Navigation,7 Agentique,"Renvoi aux références de la skill (exemples, flux, projection) sans chemin ni lien, alors que les cinq renvois propriétaires sont ouvrables",Rapport QS 09 ; checkpoint QS : « ne justifie pas à lui seul une correction prioritaire » ; 5.01 : atténué par README racine 84,Aide annoncée abandonnée ou cherchée au mauvais endroit,Mineur,Mineur à éprouver,QUICKSTART,"Clarification : chemin explicite, valable dans les deux distributions","F-SK-002 (chemins par export), F-DIR-028","Depuis QUICKSTART seul puis README racine : retrouver examples, flow, machine_projection et ACTION, dans GitHub et Local",RETENU (mineur) → lot éditorial
F-RM-001,READING_MAP 33,"Carte dérivée → DIRECTION 734–736 [FORCÉ], ACTION 369–377",Interface,Agent / Réalisateur,7 Agentique / 6 Preuve,ACTION/RUN-DIRECTION est rangée sous « Ajouter seulement si nécessaire » alors que DIRECTION la force pour une surface identitaire livrée,Rapport RM 01 ; paragraphe 17 corrige pour qui lit la carte entière ; 5.01 et 5.04 : « une cellule isolée peut s’interpréter comme permission concurrente »,"Première scène livrée sans route ACTION : statuts, gates, preuve de version et clôture absents",Significatif,Significatif à éprouver,READING_MAP,Correction de façade : RUN-DIRECTION dans le noyau pour DIRECTION avec build,"D-FAC-1 ; F-OM-001 (même mécanisme, autre carte)",Cadrage de direction sans build contre livraison identitaire avec capture : cellule seule puis carte entière,RETENU → phase 11
F-RM-002,"READING_MAP 40, 49","Carte dérivée → ACTION 50/202/653/667–684, SAVOIR/CONTEXT 710",Interface,Accessibilité,3 Accessibilité,« Risque explicitement hors scope et N/A-JUSTIFIED » donné comme non-chargement en accessibilité : une exclusion déclarée devient un N/A,"Rapport RM 01 ; 5.01, 5.04 et 8.01 conservent la fiche ; 9.07 : sur le pilote B, les contrôles a11y appliqués ont trouvé des défauts réels (contraste insuffisant O4, bouton sans contour en couleurs forcées O9) : le risque couvert par Gate A n’est pas théorique","Clavier, focus, contraste marqués N/A sur une UI interactive au lieu de NOT-VERIFIED ou d’une réduction de claim",Significatif,Significatif à éprouver,READING_MAP ; ACTION (critères et preuve),Correction de façade : non-chargement de CONTEXT ≠ N/A des contrôles Gate A applicables,"D-FAC-1 ; F-OM-001, F-GLO-002, F-DIR-011, F-ACT-014","UI web interactive « a11y hors scope », artefact imprimé, petit delta déjà couvert et frais : CONTEXT lu ? contrôles applicables ? statut ?",RETENU → phase 11
F-RM-003,READING_MAP (table des locators) ; read_route.py ; skill 79,Granularité des locators ↔ condition de lecture,Interface,Agent,7 Agentique / 10 Production,NOUVELLE FICHE (candidate transmise par 10.01). Le locator DIRECTION/START sert tout le bloc parent (Boot et Domain Frame compris) alors que la skill 79 demande « l’arbre seulement » ; même phénomène pour CRAFT et SELECT,"5.02 : START 125 lignes, CRAFT 181, SELECT 94 ; 5.04 : « la condition de lecture n’est pas portée par l’extraction » ; 9.08 (run réel) : START = 130 des 163 lignes de la route LITE (80 %), alors que l’arbre utile tient en une quinzaine de lignes. Mesure déterministe (le CLI sert toujours ce bloc), non dépendante de N",Coût de contexte multiplié sur les routes courtes ; charge qui pousse les agents à abandonner la route CLI ou à lire en diagonale,Significatif,Nouvelle (observation transversale sans ID en 5.02),READING_MAP (granularité) ; read_route.py (extraction),"Simplification : locators de sous-section (START/TREE, CRAFT/CFT-0x…) servis par le CLI, sans nouveau propriétaire",Distinct de F-DIR-044 (taxonomie de lecture) et de F-DIR-028/F-ACT-001 (locators refusés) ; grappe Proportion ; B02 lot 1 (hypothèse gelée) indexait des locators,"Route LITE : lignes servies par le CLI ≤ lignes utiles + marge ; même mesure sur START, CRAFT, SELECT avant et après",RETENU → phase 11
F-OM-001,"ORCHESTRATION_MAP 20, 21, 23","Carte dérivée → ACTION 50/196–202/383–385/667–684, CHANGELOG 23–42",Interface,Réalisateur / Mainteneur,9 Gouvernance / 12 Migration,"Gate A, le gate du risque et « migration, rollback ou CHANGELOG » sont placés en « renforcement seulement si nécessaire »",Rapport OM 01 ; 5.01 et 5.04 : conservé ; les lignes 3/7/27/43–46 rappellent la primauté des propriétaires,Interface livrée sans focus inspecté ; changement partagé annoncé sans rollback ni migration,Significatif,Significatif à éprouver,ORCHESTRATION_MAP,Correction de façade : minima exécutables sortis de la colonne facultative,D-FAC-1 ; F-RM-001/002 ; F-ACT-015 (minimum SYSTÈME),"Écran interactif avec contrôle non testé, affiche sans clavier ; token partagé direct contre décision locale : obligatoire / N/A / non prouvé",RETENU → phase 11
F-OM-002,ORCHESTRATION_MAP 31,"Conseil de variation ↔ DIRECTION 703–718, SAVOIR 283–298",Interface,Création,1 Création,"« Un axe situé à la fois » pour varier, alors qu’une alternative de direction est une position multi-axes",Rapport OM 01 ; 5.01 : pas un obstacle démontré ; aucun run n’a produit d’alternatives de direction sous cette seule consigne,"Variantes de densité seulement, alternatives appauvries",Observation,Observation,—,Aucune avant comparaison réelle de sorties,"Grappe Homogénéisation (test) : F-SAV-002, F-DIR-012","Brief DIRECTION ouvert à deux publics : alternative produite depuis 31 seule, puis depuis DIRECTION 701–718",OBSERVATION — pas de patch ; test futur
F-GLO-001,GLOSSAIRE 17,"Définition dérivée ↔ ACTION/HANDOFF 21/33, DIRECTION 241",Interface,Lecteur débutant,9 Gouvernance,"La RUN_CARD est définie « lorsque la ligne minimale ne suffit plus », et non par l’exigence de persistance du mode",Rapport GLO 01 ; étape 64 renvoie à START ; 5.03 : glossaire conservé en lecture conditionnelle ; lexique non normatif,"Run STANDARD résumé en une phrase, projection et locator omis",Mineur,Significatif à éprouver,GLOSSAIRE,"Clarification : « trace persistante exigée en STANDARD, DIRECTION, SYSTÈME »","F-ACT-020, D-FAC-1","LITE à trace courte, STANDARD persistant, SYSTÈME avec consumers : lexique seul puis ACTION",RETENU (mineur) → lot éditorial
F-GLO-002,GLOSSAIRE 59,"Exemple ↔ ACTION 415–427/653–655/667–684, 826",Interface,Lecteur débutant,3 Accessibilité / 6 Preuve,"Exemple CLOSED + ACCEPTED-WITH-RESERVATION « sur l’accessibilité non vérifiée » sans portée, criticité, owner ni prochaine vérification",Rapport GLO 01 ; un exemple est la forme la plus copiée d’un glossaire ; 9.07 : les défauts a11y trouvés sur B (affordance perdue en couleurs forcées) montrent qu’une a11y non vérifiée cache des défauts réels,Formulaire critique accepté avec focus non testé ; la trace close paraît acceptée,Significatif,Significatif selon risque,GLOSSAIRE ; ACTION (réserve et autorité),"Correction d’exemple : cas éligible explicite (risque secondaire, réserve avec owner et sortie) ou retrait","Grappe Exemples de référence ; F-ACT-023 (Majeur), F-RM-002","Ligne 59 appliquée à un formulaire de santé, à une livraison bornée avec réserve, à une archive EXPLORATORY",RETENU → phase 11
F-SK-001,skill 16 (vs 65/137) ; QUICKSTART 33/205–208 ; ACTION/HANDOFF 23–33,Sortie visible ↔ handoff,Interface,Agent / Humain,7 Agentique / 10 Production,"La « sortie minimale » de onze champs a une portée floue : affichée pour un retour court, ou prise pour le handoff canonique","Rapport Skill 01 ; 5.01, 5.02, 5.04 : trois granularités de sortie (skill 16, QUICKSTART 208, HANDOFF) ; 9.08 (run réel) : pour une correction LITE, 9 des 13 champs de HANDOFF deviennent N/A-JUSTIFIED, alors que DAILY fixe 4 éléments","Formalité uniforme sur les petits runs, ou handoff incomplet (méthode, décision changée) sur les grands",Significatif,Non fixée en phase 2,Skill ; ACTION/HANDOFF (canon),"Simplification : deux sorties nommées (réponse courte, handoff), portée par mode","F-ACT-002 (même correction, côté canon) ; grappe Proportion","Correctif local rendu à un humain ; run persistant transmis à un agent : réponse visible, trace, paquet ACTION",RETENU → phase 11
F-SK-002,skill 16/37 ; build ; manifeste,Skill partagée ↔ layout Local,Distribution,Agent,5 Technique,"La skill cite V1/official/READING_MAP.md, absent de l’export Local (où la carte est official/READING_MAP.md)","Rapport Skill 01 ; 4.09 et 8.02 : reproduit ; README Local donne le bon chemin ; erreur visible (fichier introuvable), récupérable",Carte sautée ou recherchée à tort par un agent dans Local,Mineur,Non fixée en phase 2,Skill ; build des distributions,"Correction ciblée : chemin propre à chaque layout, généré au build",F-QS-004 ; F-BLD (10.04b) ; F-DIR-028,"Depuis chaque archive extraite, suivre l’activation de la skill : tous les chemins résolus",RETENU (mineur) → lot éditorial
F-RDR-001,README racine 41–51 (46),"Table d’entrée ↔ DIRECTION/START 127–140, ACTION 349–356",Interface,Novice,9 Gouvernance,"ITER est présenté par « amélioration guidée par observation », sans la condition d’une direction retrouvable","Rapport README racine 01 ; 39 confie le classement à START, 51/53 bornent la table ; 5.01, 5.03, 5.04 : « conserver, simplifier la cellule »","ITER classé sur la provenance de la demande : direction non rétablie, scope et non-régression sautés",Significatif,Non fixée en phase 2,README racine,Clarification : condition « direction existante et retrouvable » dans la cellule ITER,D-FAC-1 ; F-QS-002 (même famille de raccourci de mode),"Même observation sur surface avec direction, direction perdue, écran neuf, règle partagée : table seule puis texte complet",RETENU → phase 11
F-FLOW-001,flow.md 13–15,"Vue de parcours ↔ DIRECTION/START, ACTION",Interface,Agent,7 Agentique,"Les branches « risque critique » et « NOT-VERIFIED » sont des nœuds terminaux latéraux, sans retour vers reclassification, owner ou prochaine preuve","Rapport Flow 01 ; titre « vue de lecture », texte 18/20 et skill 12 rappellent la priorité des propriétaires ; 5.03 : « réorganiser les branches avant d’en faire une voie autonome »",Risque critique traité comme simple arrêt ; NOT-VERIFIED pris pour état final,Mineur,Non fixée en phase 2,Référence flow.md,Clarification : relier les deux branches à reclassification et à owner/prochaine preuve,D-FAC-1 ; F-DIR-007,Parcourir les deux cas avec la vue seule puis avec les propriétaires,RETENU (mineur) → lot éditorial
F-EX-001,"examples.md 13–17, 31–38","Exemple ↔ ACTION 226–236/267–270, glossaire 37–38",Interface,Agent,6 Preuve,"Une liste de propriétés modifiées tient lieu de DECISION-CHANGE, sans la décision confirmée, infléchie ou abandonnée",Rapport Examples 01 ; 7.01 : le validateur accepte aussi une « explication seulement » ; les agents imitent les exemples de référence,Clôtures qui listent des modifications sans décision ni observation qui la soutient,Significatif,Non fixée en phase 2,Référence examples.md,Correction d’exemple : décision + observation qui la soutient,"Grappe Exemples de référence ; F-ACT-013, F-SAV-005","Extraits seuls puis ACTION : quel choix a été tranché, sur quelle observation",RETENU → phase 11
F-EX-002,"examples.md 45, 61–64","Exemple ↔ DIRECTION 630–642, ACTION 329–331",Interface,Reviewer,6 Preuve / 2 Produit,Une paire de captures est étendue à la mémorisation et à la tâche,"Rapport Examples 01 ; exemple déclaré simulé, PROOF-LIMIT 63 ; même type de claim que « 4 opérateurs réussissent » accepté en 4.07 (F-ACT-018)",Appréciation visuelle présentée comme effet mesuré chez l’utilisateur,Significatif,Non fixée en phase 2,Référence examples.md,Correction d’exemple : claim borné au visuel ; tâche = protocole utilisateur,Grappe Exemples de référence ; F-ACT-018 (Majeur),"Paire seule, puis avec protocole utilisateur : claims soutenables à chaque étape",RETENU → phase 11
F-EX-003,examples.md 73–87,"Exemple SYSTÈME ↔ canonical_minimum 16–17, ACTION 132/139/396–411",Interface,Mainteneur,12 Migration / 6 Preuve,Plateformes non inspectées codées NOT-OBSERVED ; retour sans échec localisé,Rapport Examples 01 ; le retour est explicite (RETURNED/RETURN) et la fermeture d’un run retourné est permise,"Reprise sans savoir quelle régression, chez qui, par quelle méthode",Mineur,Non fixée en phase 2,Référence examples.md,Correction d’exemple : NOT-VERIFIED pour l’inspecté manquant ; échec localisé,"F-ACT-014, F-DIR-011 (triade) ; grappe Exemples","Mainteneur : ce qui a échoué, ce qui n’a pas été testé, qui reprend",RETENU (mineur) → lot éditorial
F-MP-001,machine_projection.md 43–45/62–66/81–85/94,Exemple YAML ↔ validate_run_card 252–266,Interface,Intégrateur,10 Production,L’exemple YAML viole sa propre contrainte (locator de provenance ≠ locator d’artefact),"Rapport Machine Projection 01 : converti en JSON, rejet sur ce seul désaccord ; aligné, PASSED ; erreur visible ; 5.03 : « corriger avant tout rapprochement »","Correction à tort (provenance supprimée, verdict changé) par un lecteur qui copie",Mineur,Non fixée en phase 2,Référence machine_projection.md,Correction d’exemple : aligner les locators,Grappe Exemples ; F-VRC (10.04b),YAML converti sans altération : validation normale PASSED ; JSON officiel et fixture CLOSED+RETURNED+RETURN toujours acceptés,RETENU (mineur) → lot éditorial
